Portfolio,Return,Volatility,Sharpe
Max Sharpe,0.13933289981669905,0.16754851305861468,0.7122289397755024
Min Volatility,0.02635320272618018,0.062259196866683755,0.10204440541988291
